{
  "truthcert_version": "3.1.0",
  "terminal_state": "SHIPPED",
  "bundle_hash": "sha256:REPLACE_ME",
  "scope_lock_hash": "sha256:REPLACE_ME",
  "claims": [
    {
      "field": "armA_n",
      "value": 3531,
      "provenance": {
        "page": 7,
        "table_id": "2",
        "row": "Arm A",
        "col": "N"
      }
    },
    {
      "field": "armB_n",
      "value": 3531,
      "provenance": {
        "page": 7,
        "table_id": "2",
        "row": "Arm B",
        "col": "N"
      }
    },
    {
      "field": "primary_effect",
      "value": 0.85,
      "unit": "hazard_ratio",
      "ci95": {
        "low": 0.74,
        "high": 0.98
      },
      "provenance": {
        "page": 7,
        "table_id": "2",
        "row": "MACE",
        "col": "HR"
      }
    }
  ]
}